Abbreviation/Shorthand,Meaning,More Info
E-Mod,environmental modification,
E-VAC,endoscopic vacuum assisted closure,
E. cloacae,Enterobacter cloacae,https://en.wikipedia.org/wiki/Enterobacter_cloacae
E. Coli,Escherichia coli,
E/M,evaluation and management,
EA,electroacupuncture,
EA,episodic ataxia,
EA E Coli,enteroaggregative Escherichia coli,
EAC,esophageal adenocarcinoma,
EAC,External Auditory Canal,
EAE,esophageal acid exposure,
EAEC,enteroaggregative Escherichia coli,
EAN,European Academy of Neurology,
EAS,European Atherosclerosis Society,https://eas-society.org/
EASI,Eczema Area and Severity Index,
EASL,European Association for the Study of the Liver,https://easl.eu/
EAT-10,Easting Assessment Tool,
EATT,epicardial adipose tissue thickness,
EAU,European Association of Urology,https://uroweb.org/
EBER,Epstein-Barr virus-encoded RNA,
EBGS,electrical bone growth stimulation,
EBL,estimated blood loss,
EBL,estimated surgical blood loss,
EBP ,epidural blood patch,
EBRT,external beam radiation therapy,
EBUS,endobronchial ultrasound,
EBV,Epstein Barr virus,
EBV-SMT,Epstein-Barr virus-associated smooth muscle tumor,
EC,endometrial cancer,
EC,enteric coated,
EC,esophageal cancer,
ECA,extracellular agent,
ECD,echo doppler,
ECD,endocardial cushion defect,
ECD,endothelial cell dysfunction,
ECD,Erdheim-Chester disease,
ECF,extracellular fluid,
ECG,electrocardiogram,
ECH,endocapillary hypercellularity,
Echo,echocardiogram,
ECM,extracellular matrix,
ECMO,extracorporeal membrane oxygenation,
ECOG,Eastern Cooperative Oncology Group,
ECOG-PS,Eastern Cooperative Oncology Group Performance Status,
ECP,extracorporeal photopheresis,
ECPR,ECMO-assisted cardiopulmonary resuscitation,
ECRB,extensor carpi radialis brevis,
ECS,elective cesarean section,
ECT,electroconvulsive therapy,
ECTRIMS,European Committee for Treatment and Research in Multiple Sclerosis,https://ectrims.eu/
ECU,extensor carpi ulnaris,
ECV,external cephalic version,
ED,eating disorder,
ED,Ectodermal Dysplasia,
ED,emergency department,
ED,erectile dysfunction,
EDA,electrodermal activity,
EDACS,Eating and Drinking Ability Classification System,
EDC,estimated date of confinement,
EDD,estimated date of delivery,
EDG,endothelial differentiation gene,
EDL,Extensor Digitorum Longus,
EDR,Extreme Drug Resistance,
EDS,Ehlers-Danlos syndrome,
EDS,excessive daytime sleepiness,
EDS,Eye Dryness Score,
EDV,end diastolic volume,
EEG,electroencephalogram,
EENT,"eyes, ears, nose, throat",
EES,everolimus eluting stent,
EF,ejection fraction,
EFL,expiratory flow limitation,
EFLI,expiratory flow limitation index,
EFM,electronic fetal monitoring,
EGA,estimated gestational age,
EGD,esophagogastroduodenoscopy,
EGF,epidermal growth factor,
EGFR,epidermal growth factor receptor,
eGFR,Estimated Glomerular Filtration Rate,
EGFr-TKI,epidermal growth factor receptor tyrosine kinase inhibitor,
EGJ,esophagogastric junction,
EGJOO,esophagogastric junction outflow obstruction,
EGPA,eosinophilic granulomatosis with polyangiitis,
EH,endolymphatic hydrops,https://en.wikipedia.org/wiki/Endolymphatic_hydrops
EHL,extensor halluces longus,
EI,endotracheal intubation,
EIA,enzyme immunoassay,
EIA,External Iliac Artery,
EIM,extraintestinal manifestations,
EjD,ejaculatory dysfunction,
EKG,electrocardiogram,
ELAD,extracorporeal liver support device,
ELF,endoluminal fundoplication,
ELF,Enhanced Liver Fibrosis Panel,
ELISA,enzyme-linked immunosorbent assay,
ELIX,elixir,
ELR,elevating legrest,
ELSO,Extracorporeal Life Support Organization,
ELVO,emergent large vessel occlusion,
EM,episodic migraine,
EM,erythema multiforme,
EMAG,environmental metaplastic atrophic gastritis,
EMDR,eye movement desensitization and reprocessing,
EMF,eosinophilic myocardial fibrosis,
EMG,electromyogram,
EMGGG,electromyographic activity of the genioglossus muscle,
EMGNCS,electromyogram and nerve conduction study,
EMH,extramedullary hemopoiesis,
EMR,electronic medical record,
EMR,endoscopic mucosal resection,
EMS,emergency medical services,
EMU,epilepsy monitoring unit,
EMUL,Emulsion,
ENCODE,ENCyclopedia of DNA Elements,
EndoAVF,endovascular arteriovenous fistula,
ENEM,Enema,
ENLS,emergency neurologic life support,
ENoG,Electroneurography,
ENT,"ear, nose, throat/otolaryngology",
EOB,explanation of benefits,
EoE,eosinophilic esophagitis,
EOG,electrooculogram,
EOL,end of life,
EOM,extraocular muscles (movements),
EOMI,extra ocular movements intact,
EORTC QLQ H&N35,European Organisation For Research And Treatment Of Cancer Head and Neck Quality of Life Questionnaire 35,
EOW,every other week,
EP,electrophysiology,
EP,etoposide and cisplatin (chemotherapy),
Ep-GBM,epithelioid glioblastoma,
EPA,eicosapentaenoic acid,
EPCR,endothelial protein C receptor ,
EPEC,enteropathogenic E. coli,
EPO,erythropoietin,
EPOCH,"Etoposide, Prednisolone, Oncovin: vincristine, Cyclophosphamide, Hydroxydaunorubicin: doxorubicin",https://en.wikipedia.org/wiki/EPOCH_(chemotherapy)
EPS,electrophysiology study,
EPS,encapsulated peritoneal sclerosis,
ER,emergency room,
ER,estrogen receptor,
ERA,endothelin receptor antagonist,
ERA,Enthesitis Related Arthritis,
ERAS,Early Recovery after Surgery,
ERAS,Enhanced Recovery After Surgery,https://www.acog.org/clinical/clinical-guidance/committee-opinion/articles/2018/09/perioperative-pathways-enhanced-recovery-after-surgery
ERBB2,human epidermal growth factor receptor 2,https://pubchem.ncbi.nlm.nih.gov/gene/ERBB2
ERCP,endoscopic retrograde cholangiopancreatography,
ERGV,endoscopic resection of gonadal veins,
ERK,extracellular signal-regulated kinase,
ERP,event-related potential,
ERP,Exposure with Response Prevention,
ERS,European Respiratory Society,
ERV,endogenous retrovirus,
ES,epidural steroids,
ES,Evans' syndrome ,"https://pubmed.ncbi.nlm.nih.gov/33260979/#:~:text=Evans%27%20syndrome%20%28ES%29%20is%20defined%20as%20the%20concomitant,7%25%20of%20AIHA%20and%20around%202%25%20of%20ITP."
ESBL,extended spectrum beta-lactamase,
ESC,European Society of Cardiology,https://www.escardio.org/
ESD,endoscopic submucosal dissection,
ESDM,Early Start Denver Model ,
eSET,Elective Single Embryo Transfer,
ESI,Emergency Severity Index,
ESI,epidural steroid injection,
ESLD,end stage liver disease,
ESP,erector spinae plane,
ESR,erythrocyte sedimentation rate,
ESR1,estrogen receptor 1,https://www.genecards.org/cgi-bin/carddisp.pl?gene=ESR1
ESRD,end-stage renal disease,
ESS,endoscopic sinus surgery,
ESS,Epworth Sleepiness Scale,
EST,electroshock therapy,
ESV,end systolic volume,
ESWL,Extracorporeal Shock Wave Lithotripsy,
ESWT,Extracorporeal Shock Wave Therapy,
ET,endotracheal tube,
ET,essential thrombocythaemia,
ET,essential tremor,
ET,exercise tolerance,
ETANTR,embryonal tumors with abundant neuropil and true rosettes,
ETBD,Eustachian Tube Balloon Dilation,
ETC,electron transport chain,
EtCO2,end-tidal carbon dioxide,
ETD,Eustachian Tube Dysfunction,
ETDQ-7,7-item Eustachian Tube Dysfunction Questionnaire,
ETDRS,Early Treatment Diabetic Retinopathy Study,
ETEC,enterotoxigenic E. coli,
EtG,ethyl glucuronide,
ETMR,embryonal tumor with multilayered rosettes,
EtOH,alcohol,
ETS,endoscopic thoracic sympathectomy,
EtS,ethyl sulfate,
ETT,endotracheal tube,
ETT,exercise tolerance test,
EUA,emergency use authorization,
EUA,Exam Under Anesthesia,
EUGOGO,European Group on Graves' Orbitopathy,
EULAR,European Alliance of Associations for Rheumatology,https://www.eular.org/
EuroQol,European Quality of Life questionnaire,
EUS,Endoscopic Ultrasound,
EUS-FNA,endoscopic ultrasound fine-needle aspiration,
EV,extracellular vesicle,
EVAR,Endovascular Aneurysm Repair,
EVAS,Endovascular Aneurysm Sealing,
EVD,external ventricular drain,
EVH,Endoscopic Vein Harvest,
EVLA,endovenous laser ablation,
EVLT,endovenous laser therapy,
EW,every week,
EWHFO,Elbow Wrist Hand Finger Orthosis,
EWHO,elbow-wrist-hand orthosis,
EWL,excess weight loss,
EXHA,Exhaler,
EXHL,Exhaler Liquid,
EXHP,Exhaler Powder,
EXHS,Exhaler Solution,
EXHU,Exhaler Suspension,
EXTR,Fluid Extract,
EZ,epileptogenic zone,
F-BSA,facial body surface area,
F-VASI,facial vitiligo area scoring index,
F-VASI50,50% improvement in the Facial Vitiligo Area Scoring Index,
F-VASI75,75% improvement in the Facial Vitiligo Area Scoring Index,
F-VASI90,90% improvement in the Facial Vitiligo Area Scoring Index,
F/U,follow up,
FA,fast activity,
Fab',antigen-binding fragment,
FABER,"Flexion, Abduction and External Rotation",
FACS,fluorescence-activated cell sorting,
FAD,flavin adenine dinucleotide,
FADDIR,"Flexion, Adduction, Internal Rotation",
FAI,Femoral-Acetabular Impingement,
FAP,familial adenomatous polyposis,
FASPS,familial advanced sleep phase syndrome,
FAST,focused assessment with sonography in trauma,
FAST,Functional Assessment Screening Tool,
FB,foreign body,
FB,free breathing,
FBN1,fibrillin 1,https://www.ncbi.nlm.nih.gov/gene/2200
FBS,fasting blood sugar,
FBS,fetal bovine serum,
FBSS,Failed Back Surgery Syndrome,
FC,fecal calprotectin,
FC,fixed combination,
Fc,fragment crystallizable,
FC,functional class,
FC,functional constipation,
FCD,Focal Cortical Dysplasia,
FCR,"fludarabine, cyclophosphamide and rituximab",
FcRn,neonatal Fc receptor,
FD,folliculitis decalvans,
FDA,Food and Drug Administration,
FDG,fluorodeoxyglucose,
FDG-PET/CT,fludeoxyglucose positron emission tomography/computed tomography,
FDMA,first dorsal metatarsal artery,
FDP,flexor digitorum profundus,
FDR,false discovery rate,
FE,facial electrolysis,
FEHM,Similac Generation 1 Concentrated Liquid Fortifier [Kosher] + Neosure,
FeNO,fractional exhaled nitric oxide,
FES,functional electrical stimulation,
FESS,functional endoscopic sinus surgery,
FET,frozen embryo transfer,
FEV1,forced expiratory volume 1 second,
fEVAR,fenestrated endovascular aneurysm repair,
FF,fluticasone furoate,
FF,follicular fluid,
FFA,frontal fibrosing alopecia,
FFDM,freedom from widespread distant metastasis,
ffERG,full-field electroretinography,
fFN,fetal fibronectin,
FFP,fresh frozen plasma,
FFPE,formalin-fixed paraffin-embedded ,
FFR,filtering facepiece respirator,
FFR,fractional flow reserve,
FFS,facial feminization surgery,
FG,Fournier’s gangrene,
FGF,fibroblast growth factor,
FGFR,fibroblast growth factor receptor,
FGFR1,fibroblast growth factor receptor 1,
FGFR2,fibroblast growth factor receptor 2,
FGFR3,fibroblast growth factor receptor 3,
FH,Familial Hypercholesterolemia,
FHF,fulminant hepatic failure,
FHM,familial hemiplegic migraine,
FHM,fetal heart monitor,
FHO,Femoral Head Ostectomy,
FHR,fetal heart rate,
FHT,fetal heart tone,
FIGO,Federation Internationale de Gynecolgie et d'Obstetrique,https://training.seer.cancer.gov/staging/systems/schemes/figo.html
FIM,Functional Independence Measure,
FiO2,fractional inspired oxygen concentration,
FIP,Feline Infektiöse Peritonitis,
FIS,Forskolin-induced swelling,
FISH,fluorescence in situ hybridization,
FISP,fast imaging with steady state precession,
FIT,fellow in training,
FITC,fluorescein isothiocyanate,
FK,tacrolimus,
fL,femtoliter,
FLA,focal laser ablation,
FLAIR,fluid-attenuated inversion recovery,
FLAK,flakes,
FLIM,fluorescence lifetime imaging microscopy,
FLT3,fms-like tyrosine kinase 3,
FM,fetal monitor,
FM,fibromyalgia,
FM,Fugl-Meyer,
FMA-UE,Fugl-Meyer Assessment for upper extremity,
FMD,fibromuscular dysplasia,
FMF,Familial Mediterranean Fever,
FML,fluorometholon,
FMN,flavin mononucleotide,
FMS,fibromyalgia syndrome,
FN,false negative,
FN,femoral nerve,
FNA,fine needle aspiration,
FNAB,fine needle aspiration biopsy,
FND,functional neurologic disorder,
FO,fluid overload,
FOB,father of baby,
FOB,fecal occult blood,
FOBT,fecal occult blood testing,
FOCBP,female of child-bearing potential,
FODMAP,"fermentable oligosaccharide, disaccharide, monosaccharide, and polyol",
FOLFIRI,"Folinic Acid, Fluorouracil, Irinotecan Hydrochloride",https://www.cancer.gov/about-cancer/treatment/drugs/folfiri
FOLFIRINOX,"folinic acid, fluorouracil, irinotecan, oxaliplatin",
FOLFOX,"Folinic Acid, Fluorouracil, Oxaliplatin",https://www.cancer.gov/about-cancer/treatment/drugs/folfox
FOM,floor of mouth,
FOP,fibrodysplasia ossificans progressiva,
FOXF1,forkhead box F1,
FP,false positive,
FP,femoropopliteal,
FPL,flexor pollicis longus,
FPN,ferroportin ,
fPSA,free prostate specific antigen,
FQHC,Federally Qualified Health Center,https://en.wikipedia.org/wiki/Federally_Qualified_Health_Center
FrACT,Freiburg Visual Acuity Test,
FRalpha,folate receptor-alpha,
FRAX,fracture risk assessment,
FRC,functional residual capacity,
frEMG,free running electromyography,
FRET,fluorescence resonance energy transfer,
FS+,febrile seizure plus,
FSBS,fingerstick blood sugar,
FSE,fast spin echo,
FSFI,Female Sexual Function Index,
FSG,fasting serum glucose,
FSG,finger stick glucose,
FSGS,focal segmental glomerulosclerosis,
FSH,follicle stimulating hormone,
FSP,familial spastic paraparesis,
fSRT,fractionated sterotactic radiotherapy,
FSS,Freeman-Sheldon syndrome,
FT,first trimester,
FT,focal therapy,
FT,functional threshold,
fT3,free triiodothyronine,
fT4,free thyroxin,
FTM,failure to mature,
FTM,female-to-male,
FTSG,Full Thickness Skin Graft,
FTT,failure to thrive,
FTU,fingertip unit,
FU,fluorouracil,
FU,follow up,
FUO,Fever of Unknown Origin,
FUS,focused ultrasound,
FV,factor V,
FVC,forced vital capacity,
FVL,factor V Leiden,
FWB,full weight bearing,
FWW,front wheeled walker,
fx,fractions,
Fx,fracture,
g,gram,
G-CSF,granulocyte colony-stimulating factor,
G-CSF,granulocyte colony-stimulating factor,
G-J,gastrostomy-jejunostomy/Gastro-Jejunal,
G-POEM,gastric per oral endoscopic myotomy,
g/dl,grams per deciliter,
G1,Grade 1 (mild) toxicity,
G2,Grade 2 (moderate) toxicity,
G3,Grade 3 (severe) toxicity,
G4,Grade 4 (potentially life-threatening) toxicity,
G6PD,glucose-6-phosphate dehydrogenase,
GA,general anesthesia,
GABA,Gamma-Aminobutyric acid,
GABHS,group A β-hemolytic streptococcal,
GAD,general anxiety disorder,
GAD-7,Generalised Anxiety Disorder Assessment,
GAD65,glutamic acid decarboxylase 65-kilodalton isoform,
GAG,glycosaminoglycan,
GAHS,Glasgow Alcoholic Hepatitis Score,
GAK,Cyclin G-associated kinase,
GalNAc,N-acetylgalactosamine,
GARS-2,"Gilliam Autism Rating Scale, Second Edition",
GAS,Gender Affirmation Surgery,
GAS,Group A Streptococcus,
GATA2,GATA binding protein 2,
GATT,Gonioscopy-Assisted Transluminal Trabeculotomy,
GB,gallbladder,
GBM,glioblastoma multiforme,
GBM-PNC,glioblastomas with primitive neuronal components,
GBS,Group B streptococcus,
GBS,Guillain-Barré syndrome,
GBX2,gastrulation brain homeobox 2,
GC,gastric cancer,
GC,genomic classifier,
GC,glucocorticoid,
GC,Gonorrhea,
GC-rich,Guanine/Cytosine-rich,
GCS,Glasgow coma scale,
GCSI,Gastroparesis Cardinal Symptoms Index,
GDMT,guideline-directed medical therapy,
gDNA,genomic DNA,
GDNF,glial cell line-derived neurotrophic factor,
GE,gastroesophageal,
GEC,gene expression classifier,
GEF,guanosine nucleotide exchange factor,
GEJ,gastroesophageal junction,
GEM,gemcitabine,
GEP,gene expression profiling,
GEP-NET,gastroenteropancreatic neuroendocrine tumor,
GER,gastroesophageal reflux,
GERD,gastroesophageal reflux disease,
GES,gastric electrical stimulation,
GES,gastric emptying scintigraphy,
GF,gluten-free,
GFMCS,Gross Motor Function Classification System,
GFP,green fluorescent protein,
GFR,glomerular filtration rate,
GGA,Genioglossus Advancement,
GGO,ground-glass opacity,
GGT,gamma-glutamyltransferase,
GH,glenohumeral,
GH,growth hormone,
GH1,growth hormone 1,
GHB,gamma-hydroxybutyrate,
GHBP,growth hormone binding protein,
GHD,growth hormone deficiency,
GHR,growth hormone receptor,
GHRHR,growth hormone releasing hormone receptor,
GI,gastroenterologist,
GI,gastrointestinal,
GIB,gastrointestinal bleeding,
GIM,gastric intestinal metaplasia,
GINA,Global Initiative for Asthma,
GIP,glucose-dependent insulinotropic polypeptide,
GIPP,Gastrointestinal Pathogen Panel,
GIST,gastrointestinal stromal tumor,
GJ,Gastro-Jejunal,
gLDL,glycated low density lipoprotein,
GLI2,Zinc Finger Protein GLI2,
GLILD,granulomatous and lymphocytic interstitial lung disease,
GLP1,glucagon-like peptide 1,
GLP1R,glucagon-like peptide 1 receptor,
GLT,glucose loading test,
Gluc,glucose,
GLUT,glucose transport proteins,
GM,gray matter,
GM-CSF,granulocyte macrophage colony-stimulating factor,
GMFCS,Gross Motor Function Classification System,
GNAS,"guanine nucleotide binding protein, alpha stimulating",https://www.ncbi.nlm.nih.gov/gene/14683
GNB,genicular nerve block,
GNB,Gram Negative Bacilli,
GNR,gram negative rod,
GnRH,gonadotropin-releasing hormone,
GnRHa,gonadotropin-releasing hormone agonist,
GO-QOL,Graves' ophthalmopathy-specific quality-of-life,
GOF,gain-of-function,
GP,gemcitabine plus paclitaxel,
GP,glycoprotein,
GPA,granulomatosis with polyangiitis,
GPB,glycophorin B,
GPB,Gram Positive Bacilli,
GPBB,glycogen phosphorylase BB isoenzyme,
GPC,gram positive coccus,
GPCR,G-protein-coupled receptor,
GPE,global perceived effect,
GPE,glycine–proline–glutamate,
GPP,gastrointestinal pathogen panel,
GPR,gram positive rods,
GPS,Genomic Prostate Score,
GPS,gravitational platelet sequestration,
GRADE,"Grading of Recommendations, Assessment, Development, and Evaluations",
GRAN,granules,
GRB2,growth factor receptor-bound protein 2,
GRC,General Recovery Care guidelines,
GRE,gradient recalled echo,
GREF,Granules Effervescent,
GRS,Gender Reassignment Surgery,
GS,general surgery,
GS,gram stain,
GSD,glycogen storage disease,
GSM,genitourinary syndrome of menopause,
GSTA1,Glutathione S‐Transferase Alpha 1,
GSV,great saphenous vein,
GSW,gunshot wound,
GT,gastrostomy tube,
GT,genotype,
GTB,greater trochanteric bursitis,
GTC seizure,generalized tonic-clonic seizure,
gtt,continuous infusion,
GTT,drop(s),
GTT,glucose tolerance test,
GTV,gross tumor volume,
GU,genitourinary,
GVHD,graft versus host disease,
GWAS,genome-wide association study,
GWTG-HF,Get With The Guidelines-Heart Failure,https://www.heart.org/en/professional/quality-improvement/get-with-the-guidelines/get-with-the-guidelines-heart-failure
Gy,gray,https://en.wikipedia.org/wiki/Gray_(unit)
Gyn,gynecology,
γc,common gamma chain,